{
  "comment":[
    {
      "iconUrl":"http://img.daoway.cn/img/2017/12/30/adf81789-db5b-47d6-a0fb-efbdadc95b54.jpg",
      "area":"普陀区",
      "city":"上海",
      "comment":"阿姨服务非常好，收拾的很干净。",
      "createtime":1521196598000,
      "nick":"啦啦6666",
      "star":5
    },
    {
      "iconUrl":"http://wx.qlogo.cn/mmopen/ajNVdqHZLLC5fgciaiaRwm8N48jQG3UahS0Cl34okmQZDcJPGicDYPmoicetPWxPx07clPyFicMEEqYicJkib2LzLEBnQ/0",
      "area":"徐汇区",
      "city":"上海",
      "comment":"准时到达，态度热情，阿姨态度是好的，但是打扫的没有很认真，很多小地方还是挺脏的，阿姨打扫完自己又接着打扫了很久。。",
      "createtime":1521192005000,
      "nick":"阿***",
      "star":3
    },
    {
      "iconUrl":"https://thirdqq.qlogo.cn/qqapp/1103839060/A6F7F782649485AF535B9E4B545127E6/100",
      "area":"浦东新区",
      "city":"上海",
      "comment":"准时到达，服务专业，态度热情",
      "createtime":1521186979000,
      "nick":"yang98792",
      "star":5
    },
    {
      "iconUrl":"https://wx.qlogo.cn/mmopen/vi_32/sXkDNHriahEeqD8cicickXHWl0pO1JXcn8YGQuCt5cMCkAia7JSgXnQRxW03bGJ1T8VvYD21LgIVZzPeIkKYDUqpDA/0",
      "area":"杨浦区",
      "city":"上海",
      "comment":"准时到达",
      "createtime":1521182381000,
      "nick":"天之骄子小丽丽",
      "star":5
    },
    {
      "iconUrl":"http://img.daoway.cn/img/2017/11/26/73d69784-4d04-431a-92d9-a8bd21e29518.jpg",
      "area":"朝阳区",
      "city":"北京",
      "comment":"准时到达，服务专业，态度热情",
      "createtime":1521180074000,
      "nick":"邵小笑。",
      "star":5
    },
    {
      "iconUrl":"http://wx.qlogo.cn/mmopen/GtS5XXtiaCDaXZX34gjkBB3wvEIH8iaH4Queicyw9lOVzgZcxmKqugUyJWgicuPCR9Uicw8ZNdjicSP0nFic2FLDLFreocxHZtlToKO/0",
      "area":"虹口区",
      "city":"上海",
      "comment":"态度热情，服务专业",
      "createtime":1521177079000,
      "nick":"Eli5",
      "star":5
    },
    {
      "iconUrl":"https://wx.qlogo.cn/mmopen/vi_32/Q0j4TwGTfTLmGDOd5DxdYdkzK5T66Hp7QMDbE6cC9Spr2rRpmBQibHU58mwiadx6h1CB4yibpVAPxyhicMiblyDeNyg/0",
      "area":"浦东新区",
      "city":"上海",
      "comment":"服务专业，态度热情，准时到达",
      "createtime":1521175494000,
      "nick":"薛伟明",
      "star":5
    },
    {
      "iconUrl":"https://wx.qlogo.cn/mmopen/vi_32/Q0j4TwGTfTLmGDOd5DxdYdkzK5T66Hp7QMDbE6cC9Spr2rRpmBQibHU58mwiadx6h1CB4yibpVAPxyhicMiblyDeNyg/0",
      "area":"西城区",
      "city":"北京",
      "comment":"准时到达，服务专业，态度热情，阿姨打扫得非常干净整洁 帮了我的大忙 万分感谢",
      "createtime":1521175171000,
      "nick":"清朗的世界",
      "star":5
    },
    {
      "iconUrl":"https://wx.qlogo.cn/mmopen/vi_32/Q0j4TwGTfTLmGDOd5DxdYdkzK5T66Hp7QMDbE6cC9Spr2rRpmBQibHU58mwiadx6h1CB4yibpVAPxyhicMiblyDeNyg/0",
      "area":"朝阳区",
      "city":"北京",
      "comment":"准时到达，服务专业，态度热情，值得关注的商家",
      "createtime":1521171938000,
      "nick":"u16046831",
      "star":5
    },
    {
      "iconUrl":"https://wx.qlogo.cn/mmopen/vi_32/Q0j4TwGTfTJll76R1TnjSrAZRpJ4OzRDlwYs3VRd6wCDq3miczEqZebHJEqMa9xNnRLA1shJXZaoBDmDUtaMaTg/0",
      "area":"浦东新区",
      "city":"上海",
      "comment":"不太认真 拖时间",
      "createtime":1521171160000,
      "nick":"Ashley徐蕾",
      "star":5
    },
    {
      "iconUrl":"http://img.daoway.cn/img/2017/12/13/f8abe707-61df-4032-99fd-99f1da0a25df.jpg",
      "area":"徐汇区",
      "city":"上海",
      "comment":"准时到达，服务专业，态度热情",
      "createtime":1521118095000,
      "nick":"u29562927",
      "star":5
    },
    {
      "iconUrl":"http://img.daoway.cn/img/2017/11/30/9145df02-6c46-4e85-83f6-ccb0c37742f7.jpg",
      "area":"浦东新区",
      "city":"上海",
      "comment":"阿姨态度蛮好，迟到了直说对不起，清洁能力确不咋滴，房间搞了很久，弄到最后客厅马马虎虎的打扫，本来不会评论，但今天意外发现，房间主卧的床下因让她打扫床后给她移动过，地板有磨坏的痕迹，真心郁闷，不得不差评",
      "createtime":1521109205000,
      "nick":"u78690105",
      "star":2
    },
    {
      "iconUrl":"http://wx.qlogo.cn/mmopen/oqjmvaMlmyfibgPboLbbdcPVYOE29GPzsJNUYEzLmXXqUgibT6H8TnK3hnialpaqz7zDHnhclKxBXXR6aMic21cbtkTjQdBdmrPd/0",
      "area":"西城区",
      "city":"北京",
      "comment":"服务专业，态度热情，准时到达",
      "createtime":1521107597000,
      "nick":"Hh26",
      "star":5
    },
    {
      "iconUrl":"https://thirdwx.qlogo.cn/mmopen/vi_32/DYAIOgq83erYUwe91zYWvX3BicZoEn41IJBBqSMMZ8csgial5lKA6za1LeTeBnrfXDgfkthPVop0NQu4Qkfoa3icw/132",
      "area":"黄浦区",
      "city":"上海",
      "comment":"准时到达，服务专业，态度热情",
      "createtime":1521107165000,
      "nick":"〰20",
      "star":5
    },
    {
      "iconUrl":"https://thirdwx.qlogo.cn/mmopen/vi_32/Q0j4TwGTfTLmiaNPYbLOk7NBQxdUPDgGaiagxCBDKF26zjibIs2ia1lD2T7cEOzPL8NQBZMCIcDFpus7ia7wSu3vArQ/132",
      "area":"罗湖区",
      "city":"深圳",
      "comment":"嗯呢 服务很好",
      "createtime":1521102876000,
      "nick":"Marco Zambaldo",
      "star":5
    },
    {
      "iconUrl":"http://wx.qlogo.cn/mmopen/hqDXUD6csUibTwZibQosRbiagoNofUCRXrib28NQribGibyITJ470E2IHnPvkROiaMWCT7lqHryrJnmgMgTqXaqAxzqtw/0",
      "area":"丰台区",
      "city":"北京",
      "comment":"服务太差劲，之前叫了几次保洁阿姨都很好干净，今天这个太差太差，垃圾也不带帮忙带下去",
      "createtime":1521102420000,
      "nick":"u72955327",
      "star":5
    },
    {
      "iconUrl":"https://thirdwx.qlogo.cn/mmopen/vi_32/PCyiaLnicfRyDtgeymjP0tovB6ocuGbSens6DoUTHtsRFhjwl19uEWIBDWX9F7MWx6sxldDFMNzcGXktY95glcpw/132",
      "area":"东城区",
      "city":"北京",
      "comment":"准时到达，服务专业，态度热情，很棒",
      "createtime":1521101462000,
      "nick":"呵呵碰",
      "star":5
    },
    {
      "iconUrl":"http://img.daoway.cn/img/2018/03/14/2271c471-dea3-437f-a937-00f3a181af42.jpg",
      "area":"朝阳区",
      "city":"北京",
      "comment":"准时到达，服务专业，态度热情",
      "createtime":1521093966000,
      "nick":"HISA-排骨君",
      "star":5
    },
    {
      "iconUrl":"https://wx.qlogo.cn/mmopen/vi_32/DYAIOgq83ep4NILvBubLqyiaIpHHjeicoTczBk5JcqsngAkMGTtahwnFiaLeR1e8o3asmGNCD7rVzIN5GCzNtUCaA/0",
      "area":"昌平区",
      "city":"北京",
      "comment":"客服很好",
      "createtime":1521093140000,
      "nick":"大菲1",
      "star":5
    },
    {
      "iconUrl":"https://wx.qlogo.cn/mmopen/vi_32/DYAIOgq83eqKEnl7B1sLKbVCc0BTNRIZDKkFtwibf8flM2zaE6NfBmMQNy9DeoGjquXibBFcJ71MAckHLeC2m6rQ/0",
      "area":"顺义区",
      "city":"北京",
      "comment":"云家证动不动就取消订单，打乱时间计划",
      "createtime":1521085158000,
      "nick":"静***",
      "star":3
    },
    {
      "iconUrl":"http://wx.qlogo.cn/mmopen/ajNVdqHZLLAgfsiavqfFLibxRs6OGYG6d4LpjYcsj3TpCE8TGwUiajbPDkB7WTRCtibBqYnKd8jpwX11aTK6AI9MWg/0",
      "area":"卢湾区",
      "city":"上海",
      "comment":"态度热情，准时到达，服务专业",
      "createtime":1520909483000,
      "nick":"-.-10",
      "star":5
    },
    {
      "iconUrl":"http://wx.qlogo.cn/mmopen/Q5xPxqRgZicXHJFFA0cvdyUeuwndkF4khrBazP3EunLpvp2bNGlUwKhLiaYox84Q9B1HIBVLv8xpHRufQ7ibDbfZwCEjHcrdwJq/0",
      "area":"南山区",
      "city":"深圳",
      "comment":"态度热情，服务专业，准时到达",
      "createtime":1520908242000,
      "nick":"王信1",
      "star":5
    },
    {
      "iconUrl":"https://thirdwx.qlogo.cn/mmopen/vi_32/PwsCl8vJ2Ubg9GWmTCjlAjxuWMo2hylyUvm0LGPvNhFuu3kI5XXpDNjtFJsqjic00tt1vTneiayESqwBCUr6pp4w/132",
      "area":"罗湖区",
      "city":"深圳",
      "comment":"准时到达，打扫的一般，已经做了心理准备，在预期接受范围内。就是浪费水浪费的太严重了，中国那么多地方缺水，更别提全球了。希望公司和员工提倡下节约用水！！！",
      "createtime":1520860484000,
      "nick":"A***",
      "star":4
    },
    {
      "iconUrl":"https://thirdwx.qlogo.cn/mmopen/vi_32/wIzdjxOSE0b56dc9ibXLPNJOJtZAxncPb3PxaEtj51KtsbxKdvZjePdB2d2XJ1aU9uDSFvOJbN71BbCvveia1Hog/132",
      "area":"朝阳",
      "city":"北京",
      "comment":"话多，还弄得不干净",
      "createtime":1520860281000,
      "nick":"排***",
      "star":3
    },
    {
      "iconUrl":"http://wx.qlogo.cn/mmopen/Q5xPxqRgZicXHJFFA0cvdyUeuwndkF4khrBazP3EunLpvp2bNGlUwKhLiaYox84Q9B1HIBVLv8xpHRufQ7ibDbfZwCEjHcrdwJq/0",
      "area":"朝阳区",
      "city":"北京",
      "comment":"准时到达，服务专业，态度热情",
      "createtime":1520857879000,
      "nick":"理合",
      "star":5
    },
    {
      "iconUrl":"http://img.daoway.cn/img/2016/08/03/8c970507-66c2-4a81-93bc-a32c2746509e.jpg",
      "area":"海淀区",
      "city":"北京",
      "comment":"准时到达，服务专业，态度热情，特别好",
      "createtime":1520851926000,
      "nick":"李丹蕾",
      "star":5
    },
    {
      "iconUrl":"https://wx.qlogo.cn/mmopen/vi_32/uwm9pVB4gDlKibGbRCbN4v2PnnY9guSnJxJaHZ4dicTK5JQMG2EfvLJ0HYgZLrHp7nFLXXNYZCdSEQSbVmGGnSyA/0",
      "area":"荔湾区",
      "city":"广州",
      "comment":"准时到达，服务专业，态度热情",
      "createtime":1520844348000,
      "nick":"小芝麻2",
      "star":5
    },
    {
      "iconUrl":"https://thirdwx.qlogo.cn/mmopen/vi_32/z7Nba05uObuZ10tmT2gksxWR7zMeBERBo3HAjtnwGQV8X6mcc9w2ibXy4Jgs3Vjh7m3sAibAHxicHlghhJjiaOXftw/132",
      "area":"南山区",
      "city":"深圳",
      "comment":"准时到达，服务专业，态度热情",
      "createtime":1520837432000,
      "nick":"理合",
      "star":5
    },
    {
      "iconUrl":"http://img.daoway.cn/img/2016/09/10/9b720bbd-b001-453d-b73b-86d6fb187d7d.jpg",
      "area":"武侯区",
      "city":"成都",
      "comment":"态度热情",
      "createtime":1520831084000,
      "nick":"唐wl",
      "star":5
    },
    {
      "iconUrl":"http://img.daoway.cn/img/2018/03/11/3c159dc9-c4ec-40d7-9144-9fc90f480a16.jpg",
      "area":"朝阳区",
      "city":"北京",
      "comment":"准时到达，服务专业，态度热情，很好的",
      "createtime":1520830596000,
      "nick":"u16046831",
      "star":5
    },
    {
      "iconUrl":"http://img.daoway.cn/img/2017/12/30/adf81789-db5b-47d6-a0fb-efbdadc95b54.jpg",
      "area":"普陀区",
      "city":"上海",
      "comment":"阿姨服务非常好，收拾的很干净。",
      "createtime":1521196598000,
      "nick":"啦啦6666",
      "star":5
    },
    {
      "iconUrl":"http://wx.qlogo.cn/mmopen/ajNVdqHZLLC5fgciaiaRwm8N48jQG3UahS0Cl34okmQZDcJPGicDYPmoicetPWxPx07clPyFicMEEqYicJkib2LzLEBnQ/0",
      "area":"徐汇区",
      "city":"上海",
      "comment":"准时到达，态度热情，阿姨态度是好的，但是打扫的没有很认真，很多小地方还是挺脏的，阿姨打扫完自己又接着打扫了很久。。",
      "createtime":1521192005000,
      "nick":"阿***",
      "star":3
    },
    {
      "iconUrl":"https://thirdqq.qlogo.cn/qqapp/1103839060/A6F7F782649485AF535B9E4B545127E6/100",
      "area":"浦东新区",
      "city":"上海",
      "comment":"准时到达，服务专业，态度热情",
      "createtime":1521186979000,
      "nick":"yang98792",
      "star":5
    },
    {
      "iconUrl":"https://wx.qlogo.cn/mmopen/vi_32/sXkDNHriahEeqD8cicickXHWl0pO1JXcn8YGQuCt5cMCkAia7JSgXnQRxW03bGJ1T8VvYD21LgIVZzPeIkKYDUqpDA/0",
      "area":"杨浦区",
      "city":"上海",
      "comment":"准时到达",
      "createtime":1521182381000,
      "nick":"天之骄子小丽丽",
      "star":5
    },
    {
      "iconUrl":"http://img.daoway.cn/img/2017/11/26/73d69784-4d04-431a-92d9-a8bd21e29518.jpg",
      "area":"朝阳区",
      "city":"北京",
      "comment":"准时到达，服务专业，态度热情",
      "createtime":1521180074000,
      "nick":"邵小笑。",
      "star":5
    },
    {
      "iconUrl":"http://wx.qlogo.cn/mmopen/GtS5XXtiaCDaXZX34gjkBB3wvEIH8iaH4Queicyw9lOVzgZcxmKqugUyJWgicuPCR9Uicw8ZNdjicSP0nFic2FLDLFreocxHZtlToKO/0",
      "area":"虹口区",
      "city":"上海",
      "comment":"态度热情，服务专业",
      "createtime":1521177079000,
      "nick":"Eli5",
      "star":5
    },
    {
      "iconUrl":"https://wx.qlogo.cn/mmopen/vi_32/Q0j4TwGTfTLmGDOd5DxdYdkzK5T66Hp7QMDbE6cC9Spr2rRpmBQibHU58mwiadx6h1CB4yibpVAPxyhicMiblyDeNyg/0",
      "area":"浦东新区",
      "city":"上海",
      "comment":"服务专业，态度热情，准时到达",
      "createtime":1521175494000,
      "nick":"薛伟明",
      "star":5
    },
    {
      "iconUrl":"https://wx.qlogo.cn/mmopen/vi_32/Q0j4TwGTfTLmGDOd5DxdYdkzK5T66Hp7QMDbE6cC9Spr2rRpmBQibHU58mwiadx6h1CB4yibpVAPxyhicMiblyDeNyg/0",
      "area":"西城区",
      "city":"北京",
      "comment":"准时到达，服务专业，态度热情，阿姨打扫得非常干净整洁 帮了我的大忙 万分感谢",
      "createtime":1521175171000,
      "nick":"清朗的世界",
      "star":5
    },
    {
      "iconUrl":"https://wx.qlogo.cn/mmopen/vi_32/Q0j4TwGTfTLmGDOd5DxdYdkzK5T66Hp7QMDbE6cC9Spr2rRpmBQibHU58mwiadx6h1CB4yibpVAPxyhicMiblyDeNyg/0",
      "area":"朝阳区",
      "city":"北京",
      "comment":"准时到达，服务专业，态度热情，值得关注的商家",
      "createtime":1521171938000,
      "nick":"u16046831",
      "star":5
    },
    {
      "iconUrl":"https://wx.qlogo.cn/mmopen/vi_32/Q0j4TwGTfTJll76R1TnjSrAZRpJ4OzRDlwYs3VRd6wCDq3miczEqZebHJEqMa9xNnRLA1shJXZaoBDmDUtaMaTg/0",
      "area":"浦东新区",
      "city":"上海",
      "comment":"不太认真 拖时间",
      "createtime":1521171160000,
      "nick":"Ashley徐蕾",
      "star":5
    },
    {
      "iconUrl":"http://img.daoway.cn/img/2017/12/13/f8abe707-61df-4032-99fd-99f1da0a25df.jpg",
      "area":"徐汇区",
      "city":"上海",
      "comment":"准时到达，服务专业，态度热情",
      "createtime":1521118095000,
      "nick":"u29562927",
      "star":5
    },
    {
      "iconUrl":"http://img.daoway.cn/img/2017/11/30/9145df02-6c46-4e85-83f6-ccb0c37742f7.jpg",
      "area":"浦东新区",
      "city":"上海",
      "comment":"阿姨态度蛮好，迟到了直说对不起，清洁能力确不咋滴，房间搞了很久，弄到最后客厅马马虎虎的打扫，本来不会评论，但今天意外发现，房间主卧的床下因让她打扫床后给她移动过，地板有磨坏的痕迹，真心郁闷，不得不差评",
      "createtime":1521109205000,
      "nick":"u78690105",
      "star":2
    },
    {
      "iconUrl":"http://wx.qlogo.cn/mmopen/oqjmvaMlmyfibgPboLbbdcPVYOE29GPzsJNUYEzLmXXqUgibT6H8TnK3hnialpaqz7zDHnhclKxBXXR6aMic21cbtkTjQdBdmrPd/0",
      "area":"西城区",
      "city":"北京",
      "comment":"服务专业，态度热情，准时到达",
      "createtime":1521107597000,
      "nick":"Hh26",
      "star":5
    },
    {
      "iconUrl":"https://thirdwx.qlogo.cn/mmopen/vi_32/DYAIOgq83erYUwe91zYWvX3BicZoEn41IJBBqSMMZ8csgial5lKA6za1LeTeBnrfXDgfkthPVop0NQu4Qkfoa3icw/132",
      "area":"黄浦区",
      "city":"上海",
      "comment":"准时到达，服务专业，态度热情",
      "createtime":1521107165000,
      "nick":"〰20",
      "star":5
    },
    {
      "iconUrl":"https://thirdwx.qlogo.cn/mmopen/vi_32/Q0j4TwGTfTLmiaNPYbLOk7NBQxdUPDgGaiagxCBDKF26zjibIs2ia1lD2T7cEOzPL8NQBZMCIcDFpus7ia7wSu3vArQ/132",
      "area":"罗湖区",
      "city":"深圳",
      "comment":"嗯呢 服务很好",
      "createtime":1521102876000,
      "nick":"Marco Zambaldo",
      "star":5
    },
    {
      "iconUrl":"http://wx.qlogo.cn/mmopen/hqDXUD6csUibTwZibQosRbiagoNofUCRXrib28NQribGibyITJ470E2IHnPvkROiaMWCT7lqHryrJnmgMgTqXaqAxzqtw/0",
      "area":"丰台区",
      "city":"北京",
      "comment":"服务太差劲，之前叫了几次保洁阿姨都很好干净，今天这个太差太差，垃圾也不带帮忙带下去",
      "createtime":1521102420000,
      "nick":"u72955327",
      "star":5
    },
    {
      "iconUrl":"https://thirdwx.qlogo.cn/mmopen/vi_32/PCyiaLnicfRyDtgeymjP0tovB6ocuGbSens6DoUTHtsRFhjwl19uEWIBDWX9F7MWx6sxldDFMNzcGXktY95glcpw/132",
      "area":"东城区",
      "city":"北京",
      "comment":"准时到达，服务专业，态度热情，很棒",
      "createtime":1521101462000,
      "nick":"呵呵碰",
      "star":5
    },
    {
      "iconUrl":"http://img.daoway.cn/img/2018/03/14/2271c471-dea3-437f-a937-00f3a181af42.jpg",
      "area":"朝阳区",
      "city":"北京",
      "comment":"准时到达，服务专业，态度热情",
      "createtime":1521093966000,
      "nick":"HISA-排骨君",
      "star":5
    },
    {
      "iconUrl":"https://wx.qlogo.cn/mmopen/vi_32/DYAIOgq83ep4NILvBubLqyiaIpHHjeicoTczBk5JcqsngAkMGTtahwnFiaLeR1e8o3asmGNCD7rVzIN5GCzNtUCaA/0",
      "area":"昌平区",
      "city":"北京",
      "comment":"客服很好",
      "createtime":1521093140000,
      "nick":"大菲1",
      "star":5
    },
    {
      "iconUrl":"https://wx.qlogo.cn/mmopen/vi_32/DYAIOgq83eqKEnl7B1sLKbVCc0BTNRIZDKkFtwibf8flM2zaE6NfBmMQNy9DeoGjquXibBFcJ71MAckHLeC2m6rQ/0",
      "area":"顺义区",
      "city":"北京",
      "comment":"云家证动不动就取消订单，打乱时间计划",
      "createtime":1521085158000,
      "nick":"静***",
      "star":3
    },
    {
      "iconUrl":"http://wx.qlogo.cn/mmopen/ajNVdqHZLLAgfsiavqfFLibxRs6OGYG6d4LpjYcsj3TpCE8TGwUiajbPDkB7WTRCtibBqYnKd8jpwX11aTK6AI9MWg/0",
      "area":"卢湾区",
      "city":"上海",
      "comment":"态度热情，准时到达，服务专业",
      "createtime":1520909483000,
      "nick":"-.-10",
      "star":5
    },
    {
      "iconUrl":"http://wx.qlogo.cn/mmopen/Q5xPxqRgZicXHJFFA0cvdyUeuwndkF4khrBazP3EunLpvp2bNGlUwKhLiaYox84Q9B1HIBVLv8xpHRufQ7ibDbfZwCEjHcrdwJq/0",
      "area":"南山区",
      "city":"深圳",
      "comment":"态度热情，服务专业，准时到达",
      "createtime":1520908242000,
      "nick":"王信1",
      "star":5
    },
    {
      "iconUrl":"https://thirdwx.qlogo.cn/mmopen/vi_32/PwsCl8vJ2Ubg9GWmTCjlAjxuWMo2hylyUvm0LGPvNhFuu3kI5XXpDNjtFJsqjic00tt1vTneiayESqwBCUr6pp4w/132",
      "area":"罗湖区",
      "city":"深圳",
      "comment":"准时到达，打扫的一般，已经做了心理准备，在预期接受范围内。就是浪费水浪费的太严重了，中国那么多地方缺水，更别提全球了。希望公司和员工提倡下节约用水！！！",
      "createtime":1520860484000,
      "nick":"A***",
      "star":4
    },
    {
      "iconUrl":"https://thirdwx.qlogo.cn/mmopen/vi_32/wIzdjxOSE0b56dc9ibXLPNJOJtZAxncPb3PxaEtj51KtsbxKdvZjePdB2d2XJ1aU9uDSFvOJbN71BbCvveia1Hog/132",
      "area":"朝阳",
      "city":"北京",
      "comment":"话多，还弄得不干净",
      "createtime":1520860281000,
      "nick":"排***",
      "star":3
    },
    {
      "iconUrl":"http://wx.qlogo.cn/mmopen/Q5xPxqRgZicXHJFFA0cvdyUeuwndkF4khrBazP3EunLpvp2bNGlUwKhLiaYox84Q9B1HIBVLv8xpHRufQ7ibDbfZwCEjHcrdwJq/0",
      "area":"朝阳区",
      "city":"北京",
      "comment":"准时到达，服务专业，态度热情",
      "createtime":1520857879000,
      "nick":"理合",
      "star":5
    },
    {
      "iconUrl":"http://img.daoway.cn/img/2016/08/03/8c970507-66c2-4a81-93bc-a32c2746509e.jpg",
      "area":"海淀区",
      "city":"北京",
      "comment":"准时到达，服务专业，态度热情，特别好",
      "createtime":1520851926000,
      "nick":"李丹蕾",
      "star":5
    },
    {
      "iconUrl":"https://wx.qlogo.cn/mmopen/vi_32/uwm9pVB4gDlKibGbRCbN4v2PnnY9guSnJxJaHZ4dicTK5JQMG2EfvLJ0HYgZLrHp7nFLXXNYZCdSEQSbVmGGnSyA/0",
      "area":"荔湾区",
      "city":"广州",
      "comment":"准时到达，服务专业，态度热情",
      "createtime":1520844348000,
      "nick":"小芝麻2",
      "star":5
    },
    {
      "iconUrl":"https://thirdwx.qlogo.cn/mmopen/vi_32/z7Nba05uObuZ10tmT2gksxWR7zMeBERBo3HAjtnwGQV8X6mcc9w2ibXy4Jgs3Vjh7m3sAibAHxicHlghhJjiaOXftw/132",
      "area":"南山区",
      "city":"深圳",
      "comment":"准时到达，服务专业，态度热情",
      "createtime":1520837432000,
      "nick":"理合",
      "star":5
    },
    {
      "iconUrl":"http://img.daoway.cn/img/2016/09/10/9b720bbd-b001-453d-b73b-86d6fb187d7d.jpg",
      "area":"武侯区",
      "city":"成都",
      "comment":"态度热情",
      "createtime":1520831084000,
      "nick":"唐wl",
      "star":5
    },
    {
      "iconUrl":"http://img.daoway.cn/img/2018/03/11/3c159dc9-c4ec-40d7-9144-9fc90f480a16.jpg",
      "area":"朝阳区",
      "city":"北京",
      "comment":"准时到达，服务专业，态度热情，很好的",
      "createtime":1520830596000,
      "nick":"u16046831",
      "star":5
    },
    {
      "iconUrl":"http://img.daoway.cn/img/2017/12/30/adf81789-db5b-47d6-a0fb-efbdadc95b54.jpg",
      "area":"普陀区",
      "city":"上海",
      "comment":"阿姨服务非常好，收拾的很干净。",
      "createtime":1521196598000,
      "nick":"啦啦6666",
      "star":5
    },
    {
      "iconUrl":"http://wx.qlogo.cn/mmopen/ajNVdqHZLLC5fgciaiaRwm8N48jQG3UahS0Cl34okmQZDcJPGicDYPmoicetPWxPx07clPyFicMEEqYicJkib2LzLEBnQ/0",
      "area":"徐汇区",
      "city":"上海",
      "comment":"准时到达，态度热情，阿姨态度是好的，但是打扫的没有很认真，很多小地方还是挺脏的，阿姨打扫完自己又接着打扫了很久。。",
      "createtime":1521192005000,
      "nick":"阿***",
      "star":3
    },
    {
      "iconUrl":"https://thirdqq.qlogo.cn/qqapp/1103839060/A6F7F782649485AF535B9E4B545127E6/100",
      "area":"浦东新区",
      "city":"上海",
      "comment":"准时到达，服务专业，态度热情",
      "createtime":1521186979000,
      "nick":"yang98792",
      "star":5
    },
    {
      "iconUrl":"https://wx.qlogo.cn/mmopen/vi_32/sXkDNHriahEeqD8cicickXHWl0pO1JXcn8YGQuCt5cMCkAia7JSgXnQRxW03bGJ1T8VvYD21LgIVZzPeIkKYDUqpDA/0",
      "area":"杨浦区",
      "city":"上海",
      "comment":"准时到达",
      "createtime":1521182381000,
      "nick":"天之骄子小丽丽",
      "star":5
    },
    {
      "iconUrl":"http://img.daoway.cn/img/2017/11/26/73d69784-4d04-431a-92d9-a8bd21e29518.jpg",
      "area":"朝阳区",
      "city":"北京",
      "comment":"准时到达，服务专业，态度热情",
      "createtime":1521180074000,
      "nick":"邵小笑。",
      "star":5
    },
    {
      "iconUrl":"http://wx.qlogo.cn/mmopen/GtS5XXtiaCDaXZX34gjkBB3wvEIH8iaH4Queicyw9lOVzgZcxmKqugUyJWgicuPCR9Uicw8ZNdjicSP0nFic2FLDLFreocxHZtlToKO/0",
      "area":"虹口区",
      "city":"上海",
      "comment":"态度热情，服务专业",
      "createtime":1521177079000,
      "nick":"Eli5",
      "star":5
    },
    {
      "iconUrl":"https://wx.qlogo.cn/mmopen/vi_32/Q0j4TwGTfTLmGDOd5DxdYdkzK5T66Hp7QMDbE6cC9Spr2rRpmBQibHU58mwiadx6h1CB4yibpVAPxyhicMiblyDeNyg/0",
      "area":"浦东新区",
      "city":"上海",
      "comment":"服务专业，态度热情，准时到达",
      "createtime":1521175494000,
      "nick":"薛伟明",
      "star":5
    },
    {
      "iconUrl":"https://wx.qlogo.cn/mmopen/vi_32/Q0j4TwGTfTLmGDOd5DxdYdkzK5T66Hp7QMDbE6cC9Spr2rRpmBQibHU58mwiadx6h1CB4yibpVAPxyhicMiblyDeNyg/0",
      "area":"西城区",
      "city":"北京",
      "comment":"准时到达，服务专业，态度热情，阿姨打扫得非常干净整洁 帮了我的大忙 万分感谢",
      "createtime":1521175171000,
      "nick":"清朗的世界",
      "star":5
    },
    {
      "iconUrl":"https://wx.qlogo.cn/mmopen/vi_32/Q0j4TwGTfTLmGDOd5DxdYdkzK5T66Hp7QMDbE6cC9Spr2rRpmBQibHU58mwiadx6h1CB4yibpVAPxyhicMiblyDeNyg/0",
      "area":"朝阳区",
      "city":"北京",
      "comment":"准时到达，服务专业，态度热情，值得关注的商家",
      "createtime":1521171938000,
      "nick":"u16046831",
      "star":5
    },
    {
      "iconUrl":"https://wx.qlogo.cn/mmopen/vi_32/Q0j4TwGTfTJll76R1TnjSrAZRpJ4OzRDlwYs3VRd6wCDq3miczEqZebHJEqMa9xNnRLA1shJXZaoBDmDUtaMaTg/0",
      "area":"浦东新区",
      "city":"上海",
      "comment":"不太认真 拖时间",
      "createtime":1521171160000,
      "nick":"Ashley徐蕾",
      "star":5
    },
    {
      "iconUrl":"http://img.daoway.cn/img/2017/12/13/f8abe707-61df-4032-99fd-99f1da0a25df.jpg",
      "area":"徐汇区",
      "city":"上海",
      "comment":"准时到达，服务专业，态度热情",
      "createtime":1521118095000,
      "nick":"u29562927",
      "star":5
    },
    {
      "iconUrl":"http://img.daoway.cn/img/2017/11/30/9145df02-6c46-4e85-83f6-ccb0c37742f7.jpg",
      "area":"浦东新区",
      "city":"上海",
      "comment":"阿姨态度蛮好，迟到了直说对不起，清洁能力确不咋滴，房间搞了很久，弄到最后客厅马马虎虎的打扫，本来不会评论，但今天意外发现，房间主卧的床下因让她打扫床后给她移动过，地板有磨坏的痕迹，真心郁闷，不得不差评",
      "createtime":1521109205000,
      "nick":"u78690105",
      "star":2
    },
    {
      "iconUrl":"http://wx.qlogo.cn/mmopen/oqjmvaMlmyfibgPboLbbdcPVYOE29GPzsJNUYEzLmXXqUgibT6H8TnK3hnialpaqz7zDHnhclKxBXXR6aMic21cbtkTjQdBdmrPd/0",
      "area":"西城区",
      "city":"北京",
      "comment":"服务专业，态度热情，准时到达",
      "createtime":1521107597000,
      "nick":"Hh26",
      "star":5
    },
    {
      "iconUrl":"https://thirdwx.qlogo.cn/mmopen/vi_32/DYAIOgq83erYUwe91zYWvX3BicZoEn41IJBBqSMMZ8csgial5lKA6za1LeTeBnrfXDgfkthPVop0NQu4Qkfoa3icw/132",
      "area":"黄浦区",
      "city":"上海",
      "comment":"准时到达，服务专业，态度热情",
      "createtime":1521107165000,
      "nick":"〰20",
      "star":5
    },
    {
      "iconUrl":"https://thirdwx.qlogo.cn/mmopen/vi_32/Q0j4TwGTfTLmiaNPYbLOk7NBQxdUPDgGaiagxCBDKF26zjibIs2ia1lD2T7cEOzPL8NQBZMCIcDFpus7ia7wSu3vArQ/132",
      "area":"罗湖区",
      "city":"深圳",
      "comment":"嗯呢 服务很好",
      "createtime":1521102876000,
      "nick":"Marco Zambaldo",
      "star":5
    },
    {
      "iconUrl":"http://wx.qlogo.cn/mmopen/hqDXUD6csUibTwZibQosRbiagoNofUCRXrib28NQribGibyITJ470E2IHnPvkROiaMWCT7lqHryrJnmgMgTqXaqAxzqtw/0",
      "area":"丰台区",
      "city":"北京",
      "comment":"服务太差劲，之前叫了几次保洁阿姨都很好干净，今天这个太差太差，垃圾也不带帮忙带下去",
      "createtime":1521102420000,
      "nick":"u72955327",
      "star":5
    },
    {
      "iconUrl":"https://thirdwx.qlogo.cn/mmopen/vi_32/PCyiaLnicfRyDtgeymjP0tovB6ocuGbSens6DoUTHtsRFhjwl19uEWIBDWX9F7MWx6sxldDFMNzcGXktY95glcpw/132",
      "area":"东城区",
      "city":"北京",
      "comment":"准时到达，服务专业，态度热情，很棒",
      "createtime":1521101462000,
      "nick":"呵呵碰",
      "star":5
    },
    {
      "iconUrl":"http://img.daoway.cn/img/2018/03/14/2271c471-dea3-437f-a937-00f3a181af42.jpg",
      "area":"朝阳区",
      "city":"北京",
      "comment":"准时到达，服务专业，态度热情",
      "createtime":1521093966000,
      "nick":"HISA-排骨君",
      "star":5
    },
    {
      "iconUrl":"https://wx.qlogo.cn/mmopen/vi_32/DYAIOgq83ep4NILvBubLqyiaIpHHjeicoTczBk5JcqsngAkMGTtahwnFiaLeR1e8o3asmGNCD7rVzIN5GCzNtUCaA/0",
      "area":"昌平区",
      "city":"北京",
      "comment":"客服很好",
      "createtime":1521093140000,
      "nick":"大菲1",
      "star":5
    },
    {
      "iconUrl":"https://wx.qlogo.cn/mmopen/vi_32/DYAIOgq83eqKEnl7B1sLKbVCc0BTNRIZDKkFtwibf8flM2zaE6NfBmMQNy9DeoGjquXibBFcJ71MAckHLeC2m6rQ/0",
      "area":"顺义区",
      "city":"北京",
      "comment":"云家证动不动就取消订单，打乱时间计划",
      "createtime":1521085158000,
      "nick":"静***",
      "star":3
    },
    {
      "iconUrl":"http://wx.qlogo.cn/mmopen/ajNVdqHZLLAgfsiavqfFLibxRs6OGYG6d4LpjYcsj3TpCE8TGwUiajbPDkB7WTRCtibBqYnKd8jpwX11aTK6AI9MWg/0",
      "area":"卢湾区",
      "city":"上海",
      "comment":"态度热情，准时到达，服务专业",
      "createtime":1520909483000,
      "nick":"-.-10",
      "star":5
    },
    {
      "iconUrl":"http://wx.qlogo.cn/mmopen/Q5xPxqRgZicXHJFFA0cvdyUeuwndkF4khrBazP3EunLpvp2bNGlUwKhLiaYox84Q9B1HIBVLv8xpHRufQ7ibDbfZwCEjHcrdwJq/0",
      "area":"南山区",
      "city":"深圳",
      "comment":"态度热情，服务专业，准时到达",
      "createtime":1520908242000,
      "nick":"王信1",
      "star":5
    },
    {
      "iconUrl":"https://thirdwx.qlogo.cn/mmopen/vi_32/PwsCl8vJ2Ubg9GWmTCjlAjxuWMo2hylyUvm0LGPvNhFuu3kI5XXpDNjtFJsqjic00tt1vTneiayESqwBCUr6pp4w/132",
      "area":"罗湖区",
      "city":"深圳",
      "comment":"准时到达，打扫的一般，已经做了心理准备，在预期接受范围内。就是浪费水浪费的太严重了，中国那么多地方缺水，更别提全球了。希望公司和员工提倡下节约用水！！！",
      "createtime":1520860484000,
      "nick":"A***",
      "star":4
    },
    {
      "iconUrl":"https://thirdwx.qlogo.cn/mmopen/vi_32/wIzdjxOSE0b56dc9ibXLPNJOJtZAxncPb3PxaEtj51KtsbxKdvZjePdB2d2XJ1aU9uDSFvOJbN71BbCvveia1Hog/132",
      "area":"朝阳",
      "city":"北京",
      "comment":"话多，还弄得不干净",
      "createtime":1520860281000,
      "nick":"排***",
      "star":3
    },
    {
      "iconUrl":"http://wx.qlogo.cn/mmopen/Q5xPxqRgZicXHJFFA0cvdyUeuwndkF4khrBazP3EunLpvp2bNGlUwKhLiaYox84Q9B1HIBVLv8xpHRufQ7ibDbfZwCEjHcrdwJq/0",
      "area":"朝阳区",
      "city":"北京",
      "comment":"准时到达，服务专业，态度热情",
      "createtime":1520857879000,
      "nick":"理合",
      "star":5
    },
    {
      "iconUrl":"http://img.daoway.cn/img/2016/08/03/8c970507-66c2-4a81-93bc-a32c2746509e.jpg",
      "area":"海淀区",
      "city":"北京",
      "comment":"准时到达，服务专业，态度热情，特别好",
      "createtime":1520851926000,
      "nick":"李丹蕾",
      "star":5
    },
    {
      "iconUrl":"https://wx.qlogo.cn/mmopen/vi_32/uwm9pVB4gDlKibGbRCbN4v2PnnY9guSnJxJaHZ4dicTK5JQMG2EfvLJ0HYgZLrHp7nFLXXNYZCdSEQSbVmGGnSyA/0",
      "area":"荔湾区",
      "city":"广州",
      "comment":"准时到达，服务专业，态度热情",
      "createtime":1520844348000,
      "nick":"小芝麻2",
      "star":5
    },
    {
      "iconUrl":"https://thirdwx.qlogo.cn/mmopen/vi_32/z7Nba05uObuZ10tmT2gksxWR7zMeBERBo3HAjtnwGQV8X6mcc9w2ibXy4Jgs3Vjh7m3sAibAHxicHlghhJjiaOXftw/132",
      "area":"南山区",
      "city":"深圳",
      "comment":"准时到达，服务专业，态度热情",
      "createtime":1520837432000,
      "nick":"理合",
      "star":5
    },
    {
      "iconUrl":"http://img.daoway.cn/img/2016/09/10/9b720bbd-b001-453d-b73b-86d6fb187d7d.jpg",
      "area":"武侯区",
      "city":"成都",
      "comment":"态度热情",
      "createtime":1520831084000,
      "nick":"唐wl",
      "star":5
    },
    {
      "iconUrl":"http://img.daoway.cn/img/2018/03/11/3c159dc9-c4ec-40d7-9144-9fc90f480a16.jpg",
      "area":"朝阳区",
      "city":"北京",
      "comment":"准时到达，服务专业，态度热情，很好的",
      "createtime":1520830596000,
      "nick":"u16046831",
      "star":5
    }
  ]
}