{
  "imgUrl":"http://img.daoway.cn/img/price/2017/12/06/47bb440b-5292-4100-8b16-88779f759bf5.jpg",
  "name":"家庭保洁",
  "price":35,
  "oldPrice":45,
  "soldCount":59700,
  "iconUrl":"http://img.daoway.cn/img/6bbc9d19-c2b0-4e70-8a5c-8e6d3ca3abd3.jpg",
  "orderCount":45341,
  "accept":"92%",
  "praise":"86%",
  "title":"家庭保洁",
  "servedes":"服务内容：家庭保洁服务，2小时起订。服务时间未使用完不做退款处理。（云家政暂时不提供带保洁工具上门服务）服务保障：1.根据满意度提交评价。2.清洁内容丰富，专注卫生死角。3.价格透明，在规定服务时间内不现场加价。4.服务标准化，品质可预见。5.发现怠工，随即终止服务或出现服务质量问题，可致电云家政客服热线协助处理。服务范围：（可以在购买时间内自由安排服务项目，超出服务范围的服务要求可以现场与工人沟通）1.客餐厅：电视柜、茶几、桌面、门、餐桌、垃圾桶、沙发下、地面、卫生死角。2.卧室和阳台：阳台扶手、开关、插座、及其他。3.书房和储物间：桌面、书柜、垃圾桶、地面、卫生死角及其他。4.厨房：抽油烟机表面、橱柜、洗菜池、台面、地面、垃圾桶及其他。5.卫生间：洗漱台、沐浴房、马桶、垃圾桶、地面及其他。",
  "servesco":"北京 上海 广州 深圳 杭州",
  "seredate":"09:00-18:00",
  "servedatalately":"04月21日 15:30",
  "orderdep":"1.商家将在您下单后30分钟内确认接单；2.订单确认后，修改订单或退款需提前2小时通知；3.预约时间前2小时内退单将按30元/人扣取空单费；4.如商家接单后爽约将全额退款并向您额外赔付30元；5.为保障您的权益，所有费用请通过到位平台支付。",
  "business":"云家政是家政服务在线预订平台。我们的目标是让每个家庭都能获得诚信、便捷、有保障的家政服务。云家政拥有国内最大的实名认证家庭服务员数据库，目前平台上有超过100000名专业服务人员；数百个家政服务商，遍布全国主要城市各个社区。云家政倡导简单、轻松的生活方式。通过把分散的家政服务能力汇集和分配，让中国家庭获得诚信、便捷、有保障的家政服务，解决日常生活中的麻烦事，把更多时间留给自己和家人，提高生活品质。"
}