{
  "servicepro": [
    {
      "imgUrl":"http://img.daoway.cn/img/2016/12/28/5cf8680f-0264-4686-ba05-145700db6063_thumb.jpg",
      "iconUrl":"https://www.itsolotime.com/img/home1.png",
      "name":"云家政",
      "estimate":86,
      "order":47702
    },
    {
      "imgUrl":"http://img.daoway.cn/img/2017/01/20/c3a2490e-04fc-43de-9a05-8a62dce47f57_thumb.jpg",
      "iconUrl":"https://www.itsolotime.com/img/home1.png",
      "name":"十分到家",
      "estimate":96,
      "order":5513
    },
    {
      "imgUrl":"http://img.daoway.cn/img/2017/11/15/7cd31f41-233c-40d4-88e8-2b5060297218_thumb.jpg",
      "iconUrl":"https://www.itsolotime.com/img/home1.png",
      "name":"24到家",
      "estimate":99,
      "order":2731
    },
    {
      "imgUrl":"http://img.daoway.cn/img/2017/07/10/36ee12ea-4215-46b3-bad1-bb7fb7621b43_thumb.jpg",
      "iconUrl":"https://www.itsolotime.com/img/home1.png",
      "name":"580家政网",
      "estimate":99,
      "order":409
    },
    {
      "imgUrl":"http://img.daoway.cn/img/2017/07/14/cab26b89-7b5b-4ddb-81cf-ff14de30d424_thumb.jpg",
      "iconUrl":"https://www.itsolotime.com/img/home1.png",
      "name":"Hi维修",
      "estimate":98,
      "order":1999
    },
    {
      "imgUrl":"http://img.daoway.cn/img/2017/08/08/1b856de8-ed4b-4d3c-91dd-c7d3b4f12b12_thumb.jpg",
      "iconUrl":"https://www.itsolotime.com/img/home1.png",
      "name":"明蕊丽人",
      "estimate":98,
      "order":1324
    },
    {
      "imgUrl":"http://img.daoway.cn/img/2017/10/16/7c9b8aeb-6154-4d63-8a13-c10e55a1ce5e_thumb.jpg",
      "iconUrl":"https://www.itsolotime.com/img/home1.png",
      "name":"管家帮",
      "estimate":89,
      "order":411
    },
    {
      "imgUrl":"http://img.daoway.cn/img/2015/09/07/9b7818b5-ee19-4f7d-8f79-15e069b157fd_thumb.jpg",
      "iconUrl":"https://www.itsolotime.com/img/home1.png",
      "name":"九阿哥",
      "estimate":93,
      "order":277
    },
    {
      "imgUrl":"http://img.daoway.cn/img/2017/01/20/c3a2490e-04fc-43de-9a05-8a62dce47f57_thumb.jpg",
      "iconUrl":"https://www.itsolotime.com/img/home1.png",
      "name":"宜生到家",
      "estimate":98,
      "order":18561
    },
    {
      "imgUrl":"http://img.daoway.cn/img/2017/10/09/49bf0366-586c-4071-bee8-b65e90e06990_thumb.jpg",
      "iconUrl":"https://www.itsolotime.com/img/home1.png",
      "name":"轻松到家",
      "estimate":93,
      "order":1095
    },
    {
      "imgUrl":"http://img.daoway.cn/img/2016/12/28/5cf8680f-0264-4686-ba05-145700db6063_thumb.jpg",
      "iconUrl":"https://www.itsolotime.com/img/home1.png",
      "name":"云家政",
      "estimate":86,
      "order":47702
    },
    {
      "imgUrl":"http://img.daoway.cn/img/2017/01/20/c3a2490e-04fc-43de-9a05-8a62dce47f57_thumb.jpg",
      "iconUrl":"https://www.itsolotime.com/img/home1.png",
      "name":"十分到家",
      "estimate":96,
      "order":5513
    },
    {
      "imgUrl":"http://img.daoway.cn/img/2017/11/15/7cd31f41-233c-40d4-88e8-2b5060297218_thumb.jpg",
      "iconUrl":"https://www.itsolotime.com/img/home1.png",
      "name":"24到家",
      "estimate":99,
      "order":2731
    },
    {
      "imgUrl":"http://img.daoway.cn/img/2017/07/10/36ee12ea-4215-46b3-bad1-bb7fb7621b43_thumb.jpg",
      "iconUrl":"https://www.itsolotime.com/img/home1.png",
      "name":"580家政网",
      "estimate":99,
      "order":409
    },
    {
      "imgUrl":"http://img.daoway.cn/img/2017/07/14/cab26b89-7b5b-4ddb-81cf-ff14de30d424_thumb.jpg",
      "iconUrl":"https://www.itsolotime.com/img/home1.png",
      "name":"Hi维修",
      "estimate":98,
      "order":1999
    },
    {
      "imgUrl":"http://img.daoway.cn/img/2017/08/08/1b856de8-ed4b-4d3c-91dd-c7d3b4f12b12_thumb.jpg",
      "iconUrl":"https://www.itsolotime.com/img/home1.png",
      "name":"明蕊丽人",
      "estimate":98,
      "order":1324
    },
    {
      "imgUrl":"http://img.daoway.cn/img/2017/10/16/7c9b8aeb-6154-4d63-8a13-c10e55a1ce5e_thumb.jpg",
      "iconUrl":"https://www.itsolotime.com/img/home1.png",
      "name":"管家帮",
      "estimate":89,
      "order":411
    },
    {
      "imgUrl":"http://img.daoway.cn/img/2015/09/07/9b7818b5-ee19-4f7d-8f79-15e069b157fd_thumb.jpg",
      "iconUrl":"https://www.itsolotime.com/img/home1.png",
      "name":"九阿哥",
      "estimate":93,
      "order":277
    },
    {
      "imgUrl":"http://img.daoway.cn/img/2017/01/20/c3a2490e-04fc-43de-9a05-8a62dce47f57_thumb.jpg",
      "iconUrl":"https://www.itsolotime.com/img/home1.png",
      "name":"宜生到家",
      "estimate":98,
      "order":18561
    },
    {
      "imgUrl":"http://img.daoway.cn/img/2017/10/09/49bf0366-586c-4071-bee8-b65e90e06990_thumb.jpg",
      "iconUrl":"https://www.itsolotime.com/img/home1.png",
      "name":"轻松到家",
      "estimate":93,
      "order":1095
    },
    {
      "imgUrl":"http://img.daoway.cn/img/2016/12/28/5cf8680f-0264-4686-ba05-145700db6063_thumb.jpg",
      "iconUrl":"https://www.itsolotime.com/img/home1.png",
      "name":"云家政",
      "estimate":86,
      "order":47702
    },
    {
      "imgUrl":"http://img.daoway.cn/img/2017/01/20/c3a2490e-04fc-43de-9a05-8a62dce47f57_thumb.jpg",
      "iconUrl":"https://www.itsolotime.com/img/home1.png",
      "name":"十分到家",
      "estimate":96,
      "order":5513
    },
    {
      "imgUrl":"http://img.daoway.cn/img/2017/11/15/7cd31f41-233c-40d4-88e8-2b5060297218_thumb.jpg",
      "iconUrl":"https://www.itsolotime.com/img/home1.png",
      "name":"24到家",
      "estimate":99,
      "order":2731
    },
    {
      "imgUrl":"http://img.daoway.cn/img/2017/07/10/36ee12ea-4215-46b3-bad1-bb7fb7621b43_thumb.jpg",
      "iconUrl":"https://www.itsolotime.com/img/home1.png",
      "name":"580家政网",
      "estimate":99,
      "order":409
    },
    {
      "imgUrl":"http://img.daoway.cn/img/2017/07/14/cab26b89-7b5b-4ddb-81cf-ff14de30d424_thumb.jpg",
      "iconUrl":"https://www.itsolotime.com/img/home1.png",
      "name":"Hi维修",
      "estimate":98,
      "order":1999
    },
    {
      "imgUrl":"http://img.daoway.cn/img/2017/08/08/1b856de8-ed4b-4d3c-91dd-c7d3b4f12b12_thumb.jpg",
      "iconUrl":"https://www.itsolotime.com/img/home1.png",
      "name":"明蕊丽人",
      "estimate":98,
      "order":1324
    },
    {
      "imgUrl":"http://img.daoway.cn/img/2017/10/16/7c9b8aeb-6154-4d63-8a13-c10e55a1ce5e_thumb.jpg",
      "iconUrl":"https://www.itsolotime.com/img/home1.png",
      "name":"管家帮",
      "estimate":89,
      "order":411
    },
    {
      "imgUrl":"http://img.daoway.cn/img/2015/09/07/9b7818b5-ee19-4f7d-8f79-15e069b157fd_thumb.jpg",
      "iconUrl":"https://www.itsolotime.com/img/home1.png",
      "name":"九阿哥",
      "estimate":93,
      "order":277
    },
    {
      "imgUrl":"http://img.daoway.cn/img/2017/01/20/c3a2490e-04fc-43de-9a05-8a62dce47f57_thumb.jpg",
      "iconUrl":"https://www.itsolotime.com/img/home1.png",
      "name":"宜生到家",
      "estimate":98,
      "order":18561
    },
    {
      "imgUrl":"http://img.daoway.cn/img/2017/10/09/49bf0366-586c-4071-bee8-b65e90e06990_thumb.jpg",
      "iconUrl":"https://www.itsolotime.com/img/home1.png",
      "name":"轻松到家",
      "estimate":93,
      "order":1095
    },
    {
      "imgUrl":"http://img.daoway.cn/img/2016/12/28/5cf8680f-0264-4686-ba05-145700db6063_thumb.jpg",
      "iconUrl":"https://www.itsolotime.com/img/home1.png",
      "name":"云家政",
      "estimate":86,
      "order":47702
    },
    {
      "imgUrl":"http://img.daoway.cn/img/2017/01/20/c3a2490e-04fc-43de-9a05-8a62dce47f57_thumb.jpg",
      "iconUrl":"https://www.itsolotime.com/img/home1.png",
      "name":"十分到家",
      "estimate":96,
      "order":5513
    },
    {
      "imgUrl":"http://img.daoway.cn/img/2017/11/15/7cd31f41-233c-40d4-88e8-2b5060297218_thumb.jpg",
      "iconUrl":"https://www.itsolotime.com/img/home1.png",
      "name":"24到家",
      "estimate":99,
      "order":2731
    },
    {
      "imgUrl":"http://img.daoway.cn/img/2017/07/10/36ee12ea-4215-46b3-bad1-bb7fb7621b43_thumb.jpg",
      "iconUrl":"https://www.itsolotime.com/img/home1.png",
      "name":"580家政网",
      "estimate":99,
      "order":409
    },
    {
      "imgUrl":"http://img.daoway.cn/img/2017/07/14/cab26b89-7b5b-4ddb-81cf-ff14de30d424_thumb.jpg",
      "iconUrl":"https://www.itsolotime.com/img/home1.png",
      "name":"Hi维修",
      "estimate":98,
      "order":1999
    },
    {
      "imgUrl":"http://img.daoway.cn/img/2017/08/08/1b856de8-ed4b-4d3c-91dd-c7d3b4f12b12_thumb.jpg",
      "iconUrl":"https://www.itsolotime.com/img/home1.png",
      "name":"明蕊丽人",
      "estimate":98,
      "order":1324
    },
    {
      "imgUrl":"http://img.daoway.cn/img/2017/10/16/7c9b8aeb-6154-4d63-8a13-c10e55a1ce5e_thumb.jpg",
      "iconUrl":"https://www.itsolotime.com/img/home1.png",
      "name":"管家帮",
      "estimate":89,
      "order":411
    },
    {
      "imgUrl":"http://img.daoway.cn/img/2015/09/07/9b7818b5-ee19-4f7d-8f79-15e069b157fd_thumb.jpg",
      "iconUrl":"https://www.itsolotime.com/img/home1.png",
      "name":"九阿哥",
      "estimate":93,
      "order":277
    },
    {
      "imgUrl":"http://img.daoway.cn/img/2017/01/20/c3a2490e-04fc-43de-9a05-8a62dce47f57_thumb.jpg",
      "iconUrl":"https://www.itsolotime.com/img/home1.png",
      "name":"宜生到家",
      "estimate":98,
      "order":18561
    },
    {
      "imgUrl":"http://img.daoway.cn/img/2017/10/09/49bf0366-586c-4071-bee8-b65e90e06990_thumb.jpg",
      "iconUrl":"https://www.itsolotime.com/img/home1.png",
      "name":"轻松到家",
      "estimate":93,
      "order":1095
    },
    {
      "imgUrl":"http://img.daoway.cn/img/2016/12/28/5cf8680f-0264-4686-ba05-145700db6063_thumb.jpg",
      "iconUrl":"https://www.itsolotime.com/img/home1.png",
      "name":"云家政",
      "estimate":86,
      "order":47702
    },
    {
      "imgUrl":"http://img.daoway.cn/img/2017/01/20/c3a2490e-04fc-43de-9a05-8a62dce47f57_thumb.jpg",
      "iconUrl":"https://www.itsolotime.com/img/home1.png",
      "name":"十分到家",
      "estimate":96,
      "order":5513
    },
    {
      "imgUrl":"http://img.daoway.cn/img/2017/11/15/7cd31f41-233c-40d4-88e8-2b5060297218_thumb.jpg",
      "iconUrl":"https://www.itsolotime.com/img/home1.png",
      "name":"24到家",
      "estimate":99,
      "order":2731
    },
    {
      "imgUrl":"http://img.daoway.cn/img/2017/07/10/36ee12ea-4215-46b3-bad1-bb7fb7621b43_thumb.jpg",
      "iconUrl":"https://www.itsolotime.com/img/home1.png",
      "name":"580家政网",
      "estimate":99,
      "order":409
    },
    {
      "imgUrl":"http://img.daoway.cn/img/2017/07/14/cab26b89-7b5b-4ddb-81cf-ff14de30d424_thumb.jpg",
      "iconUrl":"https://www.itsolotime.com/img/home1.png",
      "name":"Hi维修",
      "estimate":98,
      "order":1999
    },
    {
      "imgUrl":"http://img.daoway.cn/img/2017/08/08/1b856de8-ed4b-4d3c-91dd-c7d3b4f12b12_thumb.jpg",
      "iconUrl":"https://www.itsolotime.com/img/home1.png",
      "name":"明蕊丽人",
      "estimate":98,
      "order":1324
    },
    {
      "imgUrl":"http://img.daoway.cn/img/2017/10/16/7c9b8aeb-6154-4d63-8a13-c10e55a1ce5e_thumb.jpg",
      "iconUrl":"https://www.itsolotime.com/img/home1.png",
      "name":"管家帮",
      "estimate":89,
      "order":411
    },
    {
      "imgUrl":"http://img.daoway.cn/img/2015/09/07/9b7818b5-ee19-4f7d-8f79-15e069b157fd_thumb.jpg",
      "iconUrl":"https://www.itsolotime.com/img/home1.png",
      "name":"九阿哥",
      "estimate":93,
      "order":277
    },
    {
      "imgUrl":"http://img.daoway.cn/img/2017/01/20/c3a2490e-04fc-43de-9a05-8a62dce47f57_thumb.jpg",
      "iconUrl":"https://www.itsolotime.com/img/home1.png",
      "name":"宜生到家",
      "estimate":98,
      "order":18561
    },
    {
      "imgUrl":"http://img.daoway.cn/img/2017/10/09/49bf0366-586c-4071-bee8-b65e90e06990_thumb.jpg",
      "iconUrl":"https://www.itsolotime.com/img/home1.png",
      "name":"轻松到家",
      "estimate":93,
      "order":1095
    },
    {
      "imgUrl":"http://img.daoway.cn/img/2016/12/28/5cf8680f-0264-4686-ba05-145700db6063_thumb.jpg",
      "iconUrl":"https://www.itsolotime.com/img/home1.png",
      "name":"云家政",
      "estimate":86,
      "order":47702
    },
    {
      "imgUrl":"http://img.daoway.cn/img/2017/01/20/c3a2490e-04fc-43de-9a05-8a62dce47f57_thumb.jpg",
      "iconUrl":"https://www.itsolotime.com/img/home1.png",
      "name":"十分到家",
      "estimate":96,
      "order":5513
    },
    {
      "imgUrl":"http://img.daoway.cn/img/2017/11/15/7cd31f41-233c-40d4-88e8-2b5060297218_thumb.jpg",
      "iconUrl":"https://www.itsolotime.com/img/home1.png",
      "name":"24到家",
      "estimate":99,
      "order":2731
    },
    {
      "imgUrl":"http://img.daoway.cn/img/2017/07/10/36ee12ea-4215-46b3-bad1-bb7fb7621b43_thumb.jpg",
      "iconUrl":"https://www.itsolotime.com/img/home1.png",
      "name":"580家政网",
      "estimate":99,
      "order":409
    },
    {
      "imgUrl":"http://img.daoway.cn/img/2017/07/14/cab26b89-7b5b-4ddb-81cf-ff14de30d424_thumb.jpg",
      "iconUrl":"https://www.itsolotime.com/img/home1.png",
      "name":"Hi维修",
      "estimate":98,
      "order":1999
    },
    {
      "imgUrl":"http://img.daoway.cn/img/2017/08/08/1b856de8-ed4b-4d3c-91dd-c7d3b4f12b12_thumb.jpg",
      "iconUrl":"https://www.itsolotime.com/img/home1.png",
      "name":"明蕊丽人",
      "estimate":98,
      "order":1324
    },
    {
      "imgUrl":"http://img.daoway.cn/img/2017/10/16/7c9b8aeb-6154-4d63-8a13-c10e55a1ce5e_thumb.jpg",
      "iconUrl":"https://www.itsolotime.com/img/home1.png",
      "name":"管家帮",
      "estimate":89,
      "order":411
    },
    {
      "imgUrl":"http://img.daoway.cn/img/2015/09/07/9b7818b5-ee19-4f7d-8f79-15e069b157fd_thumb.jpg",
      "iconUrl":"https://www.itsolotime.com/img/home1.png",
      "name":"九阿哥",
      "estimate":93,
      "order":277
    },
    {
      "imgUrl":"http://img.daoway.cn/img/2017/01/20/c3a2490e-04fc-43de-9a05-8a62dce47f57_thumb.jpg",
      "iconUrl":"https://www.itsolotime.com/img/home1.png",
      "name":"宜生到家",
      "estimate":98,
      "order":18561
    },
    {
      "imgUrl":"http://img.daoway.cn/img/2017/10/09/49bf0366-586c-4071-bee8-b65e90e06990_thumb.jpg",
      "iconUrl":"https://www.itsolotime.com/img/home1.png",
      "name":"轻松到家",
      "estimate":93,
      "order":1095
    },
    {
      "imgUrl":"http://img.daoway.cn/img/2016/12/28/5cf8680f-0264-4686-ba05-145700db6063_thumb.jpg",
      "iconUrl":"https://www.itsolotime.com/img/home1.png",
      "name":"云家政",
      "estimate":86,
      "order":47702
    },
    {
      "imgUrl":"http://img.daoway.cn/img/2017/01/20/c3a2490e-04fc-43de-9a05-8a62dce47f57_thumb.jpg",
      "iconUrl":"https://www.itsolotime.com/img/home1.png",
      "name":"十分到家",
      "estimate":96,
      "order":5513
    },
    {
      "imgUrl":"http://img.daoway.cn/img/2017/11/15/7cd31f41-233c-40d4-88e8-2b5060297218_thumb.jpg",
      "iconUrl":"https://www.itsolotime.com/img/home1.png",
      "name":"24到家",
      "estimate":99,
      "order":2731
    },
    {
      "imgUrl":"http://img.daoway.cn/img/2017/07/10/36ee12ea-4215-46b3-bad1-bb7fb7621b43_thumb.jpg",
      "iconUrl":"https://www.itsolotime.com/img/home1.png",
      "name":"580家政网",
      "estimate":99,
      "order":409
    },
    {
      "imgUrl":"http://img.daoway.cn/img/2017/07/14/cab26b89-7b5b-4ddb-81cf-ff14de30d424_thumb.jpg",
      "iconUrl":"https://www.itsolotime.com/img/home1.png",
      "name":"Hi维修",
      "estimate":98,
      "order":1999
    },
    {
      "imgUrl":"http://img.daoway.cn/img/2017/08/08/1b856de8-ed4b-4d3c-91dd-c7d3b4f12b12_thumb.jpg",
      "iconUrl":"https://www.itsolotime.com/img/home1.png",
      "name":"明蕊丽人",
      "estimate":98,
      "order":1324
    },
    {
      "imgUrl":"http://img.daoway.cn/img/2017/10/16/7c9b8aeb-6154-4d63-8a13-c10e55a1ce5e_thumb.jpg",
      "iconUrl":"https://www.itsolotime.com/img/home1.png",
      "name":"管家帮",
      "estimate":89,
      "order":411
    },
    {
      "imgUrl":"http://img.daoway.cn/img/2015/09/07/9b7818b5-ee19-4f7d-8f79-15e069b157fd_thumb.jpg",
      "iconUrl":"https://www.itsolotime.com/img/home1.png",
      "name":"九阿哥",
      "estimate":93,
      "order":277
    },
    {
      "imgUrl":"http://img.daoway.cn/img/2017/01/20/c3a2490e-04fc-43de-9a05-8a62dce47f57_thumb.jpg",
      "iconUrl":"https://www.itsolotime.com/img/home1.png",
      "name":"宜生到家",
      "estimate":98,
      "order":18561
    },
    {
      "imgUrl":"http://img.daoway.cn/img/2017/10/09/49bf0366-586c-4071-bee8-b65e90e06990_thumb.jpg",
      "iconUrl":"https://www.itsolotime.com/img/home1.png",
      "name":"轻松到家",
      "estimate":93,
      "order":1095
    },
    {
      "imgUrl":"http://img.daoway.cn/img/2016/12/28/5cf8680f-0264-4686-ba05-145700db6063_thumb.jpg",
      "iconUrl":"https://www.itsolotime.com/img/home1.png",
      "name":"云家政",
      "estimate":86,
      "order":47702
    },
    {
      "imgUrl":"http://img.daoway.cn/img/2017/01/20/c3a2490e-04fc-43de-9a05-8a62dce47f57_thumb.jpg",
      "iconUrl":"https://www.itsolotime.com/img/home1.png",
      "name":"十分到家",
      "estimate":96,
      "order":5513
    },
    {
      "imgUrl":"http://img.daoway.cn/img/2017/11/15/7cd31f41-233c-40d4-88e8-2b5060297218_thumb.jpg",
      "iconUrl":"https://www.itsolotime.com/img/home1.png",
      "name":"24到家",
      "estimate":99,
      "order":2731
    },
    {
      "imgUrl":"http://img.daoway.cn/img/2017/07/10/36ee12ea-4215-46b3-bad1-bb7fb7621b43_thumb.jpg",
      "iconUrl":"https://www.itsolotime.com/img/home1.png",
      "name":"580家政网",
      "estimate":99,
      "order":409
    },
    {
      "imgUrl":"http://img.daoway.cn/img/2017/07/14/cab26b89-7b5b-4ddb-81cf-ff14de30d424_thumb.jpg",
      "iconUrl":"https://www.itsolotime.com/img/home1.png",
      "name":"Hi维修",
      "estimate":98,
      "order":1999
    },
    {
      "imgUrl":"http://img.daoway.cn/img/2017/08/08/1b856de8-ed4b-4d3c-91dd-c7d3b4f12b12_thumb.jpg",
      "iconUrl":"https://www.itsolotime.com/img/home1.png",
      "name":"明蕊丽人",
      "estimate":98,
      "order":1324
    },
    {
      "imgUrl":"http://img.daoway.cn/img/2017/10/16/7c9b8aeb-6154-4d63-8a13-c10e55a1ce5e_thumb.jpg",
      "iconUrl":"https://www.itsolotime.com/img/home1.png",
      "name":"管家帮",
      "estimate":89,
      "order":411
    },
    {
      "imgUrl":"http://img.daoway.cn/img/2015/09/07/9b7818b5-ee19-4f7d-8f79-15e069b157fd_thumb.jpg",
      "iconUrl":"https://www.itsolotime.com/img/home1.png",
      "name":"九阿哥",
      "estimate":93,
      "order":277
    },
    {
      "imgUrl":"http://img.daoway.cn/img/2017/01/20/c3a2490e-04fc-43de-9a05-8a62dce47f57_thumb.jpg",
      "iconUrl":"https://www.itsolotime.com/img/home1.png",
      "name":"宜生到家",
      "estimate":98,
      "order":18561
    },
    {
      "imgUrl":"http://img.daoway.cn/img/2017/10/09/49bf0366-586c-4071-bee8-b65e90e06990_thumb.jpg",
      "iconUrl":"https://www.itsolotime.com/img/home1.png",
      "name":"轻松到家",
      "estimate":93,
      "order":1095
    },
    {
      "imgUrl":"http://img.daoway.cn/img/2016/12/28/5cf8680f-0264-4686-ba05-145700db6063_thumb.jpg",
      "iconUrl":"https://www.itsolotime.com/img/home1.png",
      "name":"云家政",
      "estimate":86,
      "order":47702
    },
    {
      "imgUrl":"http://img.daoway.cn/img/2017/01/20/c3a2490e-04fc-43de-9a05-8a62dce47f57_thumb.jpg",
      "iconUrl":"https://www.itsolotime.com/img/home1.png",
      "name":"十分到家",
      "estimate":96,
      "order":5513
    },
    {
      "imgUrl":"http://img.daoway.cn/img/2017/11/15/7cd31f41-233c-40d4-88e8-2b5060297218_thumb.jpg",
      "iconUrl":"https://www.itsolotime.com/img/home1.png",
      "name":"24到家",
      "estimate":99,
      "order":2731
    },
    {
      "imgUrl":"http://img.daoway.cn/img/2017/07/10/36ee12ea-4215-46b3-bad1-bb7fb7621b43_thumb.jpg",
      "iconUrl":"https://www.itsolotime.com/img/home1.png",
      "name":"580家政网",
      "estimate":99,
      "order":409
    },
    {
      "imgUrl":"http://img.daoway.cn/img/2017/07/14/cab26b89-7b5b-4ddb-81cf-ff14de30d424_thumb.jpg",
      "iconUrl":"https://www.itsolotime.com/img/home1.png",
      "name":"Hi维修",
      "estimate":98,
      "order":1999
    },
    {
      "imgUrl":"http://img.daoway.cn/img/2017/08/08/1b856de8-ed4b-4d3c-91dd-c7d3b4f12b12_thumb.jpg",
      "iconUrl":"https://www.itsolotime.com/img/home1.png",
      "name":"明蕊丽人",
      "estimate":98,
      "order":1324
    },
    {
      "imgUrl":"http://img.daoway.cn/img/2017/10/16/7c9b8aeb-6154-4d63-8a13-c10e55a1ce5e_thumb.jpg",
      "iconUrl":"https://www.itsolotime.com/img/home1.png",
      "name":"管家帮",
      "estimate":89,
      "order":411
    },
    {
      "imgUrl":"http://img.daoway.cn/img/2015/09/07/9b7818b5-ee19-4f7d-8f79-15e069b157fd_thumb.jpg",
      "iconUrl":"https://www.itsolotime.com/img/home1.png",
      "name":"九阿哥",
      "estimate":93,
      "order":277
    },
    {
      "imgUrl":"http://img.daoway.cn/img/2017/01/20/c3a2490e-04fc-43de-9a05-8a62dce47f57_thumb.jpg",
      "iconUrl":"https://www.itsolotime.com/img/home1.png",
      "name":"宜生到家",
      "estimate":98,
      "order":18561
    },
    {
      "imgUrl":"http://img.daoway.cn/img/2017/10/09/49bf0366-586c-4071-bee8-b65e90e06990_thumb.jpg",
      "iconUrl":"https://www.itsolotime.com/img/home1.png",
      "name":"轻松到家",
      "estimate":93,
      "order":1095
    },
    {
      "imgUrl":"http://img.daoway.cn/img/2016/12/28/5cf8680f-0264-4686-ba05-145700db6063_thumb.jpg",
      "iconUrl":"https://www.itsolotime.com/img/home1.png",
      "name":"云家政",
      "estimate":86,
      "order":47702
    },
    {
      "imgUrl":"http://img.daoway.cn/img/2017/01/20/c3a2490e-04fc-43de-9a05-8a62dce47f57_thumb.jpg",
      "iconUrl":"https://www.itsolotime.com/img/home1.png",
      "name":"十分到家",
      "estimate":96,
      "order":5513
    },
    {
      "imgUrl":"http://img.daoway.cn/img/2017/11/15/7cd31f41-233c-40d4-88e8-2b5060297218_thumb.jpg",
      "iconUrl":"https://www.itsolotime.com/img/home1.png",
      "name":"24到家",
      "estimate":99,
      "order":2731
    },
    {
      "imgUrl":"http://img.daoway.cn/img/2017/07/10/36ee12ea-4215-46b3-bad1-bb7fb7621b43_thumb.jpg",
      "iconUrl":"https://www.itsolotime.com/img/home1.png",
      "name":"580家政网",
      "estimate":99,
      "order":409
    },
    {
      "imgUrl":"http://img.daoway.cn/img/2017/07/14/cab26b89-7b5b-4ddb-81cf-ff14de30d424_thumb.jpg",
      "iconUrl":"https://www.itsolotime.com/img/home1.png",
      "name":"Hi维修",
      "estimate":98,
      "order":1999
    },
    {
      "imgUrl":"http://img.daoway.cn/img/2017/08/08/1b856de8-ed4b-4d3c-91dd-c7d3b4f12b12_thumb.jpg",
      "iconUrl":"https://www.itsolotime.com/img/home1.png",
      "name":"明蕊丽人",
      "estimate":98,
      "order":1324
    },
    {
      "imgUrl":"http://img.daoway.cn/img/2017/10/16/7c9b8aeb-6154-4d63-8a13-c10e55a1ce5e_thumb.jpg",
      "iconUrl":"https://www.itsolotime.com/img/home1.png",
      "name":"管家帮",
      "estimate":89,
      "order":411
    },
    {
      "imgUrl":"http://img.daoway.cn/img/2015/09/07/9b7818b5-ee19-4f7d-8f79-15e069b157fd_thumb.jpg",
      "iconUrl":"https://www.itsolotime.com/img/home1.png",
      "name":"九阿哥",
      "estimate":93,
      "order":277
    },
    {
      "imgUrl":"http://img.daoway.cn/img/2017/01/20/c3a2490e-04fc-43de-9a05-8a62dce47f57_thumb.jpg",
      "iconUrl":"https://www.itsolotime.com/img/home1.png",
      "name":"宜生到家",
      "estimate":98,
      "order":18561
    },
    {
      "imgUrl":"http://img.daoway.cn/img/2017/10/09/49bf0366-586c-4071-bee8-b65e90e06990_thumb.jpg",
      "iconUrl":"https://www.itsolotime.com/img/home1.png",
      "name":"轻松到家",
      "estimate":93,
      "order":1095
    }

  ]
}
