{
  "serve1": [
    {
      "imgUrl":"http://img.daoway.cn/img/price/2017/10/27/00d41623-8217-41e0-b299-7375d42d2cd0_thumb.jpg",
      "name":"全身中式按摩套餐",
      "price":288,
      "description":"服务时长：70分钟 服务姿势：俯卧、仰卧 功效介绍：疏通经..."
    },
    {
      "imgUrl":"http://img.daoway.cn/img/2017/12/09/28165e8b-0aa6-40df-8c3b-671035950d3c_thumb.jpg",
      "name":"巴黎精油SPA套餐",
      "price":388,
      "description":"服务时长：80分钟 服务姿势：俯卧、仰卧 功效介绍：疏通经..."
    },
    {
      "imgUrl":"http://img.daoway.cn/img/price/2018/03/26/72e4cace-dd76-43a1-9276-fb22333749af_thumb.jpg",
      "name":"通乳/开奶/回奶/排残奶",
      "price":498,
      "description":"适用人群：哺乳期遇到乳腺不通、乳汁淤积、乳头皲裂、乳房肿胀..."
    },
    {
      "imgUrl":"http://img.daoway.cn/img/price/2018/03/27/654ab450-d9ce-4e86-863c-956d81fdf22a_thumb.jpg",
      "name":"通乳/开奶/回奶/排残奶（高级）",
      "price":698,
      "description":"适用人群：需要终止哺乳的妈妈；哺乳结束未做过排残奶的妈妈。..."
    },
    {
      "imgUrl":"http://img.daoway.cn/img/2017/12/09/bcbbb36b-2fcd-44ae-8297-cacee1321afb_thumb.jpg",
      "name":"专业采耳+头部按摩服务",
      "price":100,
      "description":"服务时长：20分钟 服务姿势：仰卧 功效介绍： 采耳可以舒缓..."
    }
  ],
  "serve2": [
    {
      "imgUrl":"http://img.daoway.cn/img/price/2018/03/26/0368200b-44ed-40b0-b794-c9c72093fb46_thumb.jpg",
      "name":"苹果7plus 外屏碎",
      "price":269,
      "description":"故障内容：外屏碎（显示正常）：设备机器外屏幕玻璃碎裂、但显..."
    },
    {
      "imgUrl":"http://img.daoway.cn/img/price/2017/12/06/20851d75-b5c8-41bd-92cb-7937eeed7d89_thumb.jpg",
      "name":"空调维修",
      "price":1,
      "description":"1元上门费可抵扣30元维修费此项目价格仅为上门检测费 服务..."
    },
    {
      "imgUrl":"http://img.daoway.cn/img/2017/03/08/98ca7c9a-63f6-4528-8905-7ad66a5c9f4f_thumb.jpg",
      "name":"苹果5S 内屏碎 不显示",
      "price":249,
      "description":"故障内容：内屏碎（显示触摸异常）：屏幕触控不灵敏、点击没反..."
    },
    {
      "imgUrl":"http://img.daoway.cn/img/price/2017/12/06/435bcd85-8e40-41e5-ae96-100af0b6369e_thumb.jpg",
      "name":"燃气灶维修",
      "price":30,
      "description":"此项目价格仅为上门检测费 服务内容：1.各类型燃气灶等。品..."
    },
    {
      "imgUrl":"http://img.daoway.cn/img/price/2017/12/06/40baa133-385b-4872-9e51-c9c06f7c43ee_thumb.jpg",
      "name":"饮水机维修",
      "price":30,
      "description":"此项目价格仅为上门检测费 服务内容：1.各类型饮水机。品牌..."
    }
  ],
  "serve3": [
    {
      "imgUrl":"http://img.daoway.cn/img/2016/07/01/d1dbf0a0-ba87-4847-9978-21567461e2f9_thumb.jpg",
      "name":"挂机空调清洗",
      "price":51,
      "description":"清洗流程：1.入户卫生2.检验机器，准备工作3.拆卸机..."
    },
    {
      "imgUrl":"http://img.daoway.cn/img/price/2017/05/26/4b9e9f37-7d3c-460c-8053-b2d63307247c_thumb.jpg",
      "name":"滚筒洗衣机清洗",
      "price":85,
      "description":"我们是TCL集团旗下家电服务品牌服务流程：1.验机2...."
    },
    {
      "imgUrl":"http://img.daoway.cn/img/2016/11/22/6b32f75a-8ffa-48b4-acb0-9857a1060e2c_thumb.jpg",
      "name":"直筒洗衣机清洗",
      "price":168,
      "description":"服务流程：1.验机2.准备工具、做家庭防护3.拆卸附件..."
    },
    {
      "imgUrl":"http://img.daoway.cn/img/price/2017/05/26/d90b3c02-2a4e-4b18-b82b-9cfc7d43947f_thumb.jpg",
      "name":"空调挂机清洗1台",
      "price":78,
      "description":"我们是TCL集团旗下家电服务品牌服务流程：1.验机2...."
    },
    {
      "imgUrl":"http://img.daoway.cn/img/price/2017/05/26/12a208a1-cf03-428b-bc79-9a9472a28007_thumb.jpg",
      "name":"柜式空调清洗",
      "price":158,
      "description":"我们是TCL集团旗下家电服务品牌服务流程：1.验机2...."
    }
  ],
  "serve4": [
    {
      "imgUrl":"http://img.daoway.cn/img/2016/12/19/915d51ad-a07f-476a-aec4-fcfdb88a33f3_thumb.jpg",
      "name":"4双不限鞋类无忧洗",
      "price":89,
      "description":"服务内容：1次四双鞋子不限种类精洗，不包含修补、翻新服务，..."
    },
    {
      "imgUrl":"http://img.daoway.cn/img/price/2018/01/02/b3ea6c5f-fbc5-4b09-a6cb-50f473475f77_thumb.jpg",
      "name":"奢品钱包清洁补色保养焕新",
      "price":198,
      "description":"服务内容：1.服务包含以下十项服务：【深层清洁】-【除尘】..."
    },
    {
      "imgUrl":"http://img.daoway.cn/img/2017/03/01/cc6a7598-7200-4cc3-b157-dd9689f31098_thumb.jpg",
      "name":"半年随心卡(10双鞋)",
      "price":219,
      "description":"服务内容：可用5次，每次2双鞋子，不限种类精洗，不包含修补..."
    },
    {
      "imgUrl":"http://img.daoway.cn/img/2017/03/01/6bf88860-3d80-4f64-aa25-94d724409a00_thumb.jpg",
      "name":"全年随心卡(24双)",
      "price":469,
      "description":"服务内容：可用12次，每次2双鞋子，不限种类精洗，不包含修补..."
    },
    {
      "imgUrl":"http://img.daoway.cn/img/2017/03/01/8dc4714a-37fb-451d-a250-0f8935354fc3_thumb.jpg",
      "name":"半年无忧卡(20双鞋)",
      "price":399,
      "description":"服务内容：可用5次，每次4双鞋子，不限种类精洗，不包含修补..."
    }
  ],
  "serve5": [
    {
      "imgUrl":"http://img.daoway.cn/img/price/2017/09/14/a8ac66c0-234e-41d6-9feb-4d4a798dbedb_thumb.jpg",
      "name":"韩式新娘跟妆（半日）",
      "price":688,
      "description":"本产品不提供头饰，如需头饰，请跟老师租用 韩式新娘妆讲究优雅..."
    },
    {
      "imgUrl":"http://img.daoway.cn/img/price/2017/09/05/32717e9b-9a2a-45d8-b24b-4c23dc8f2f10_thumb.jpg",
      "name":"韩式新娘（单妆）",
      "price":468,
      "description":"本产品不提供头饰，如需头饰，请跟老师租用 韩式新娘妆讲究优雅..."
    },
    {
      "imgUrl":"http://img.daoway.cn/img/price/2017/09/05/959aed32-c186-4ef7-8595-a5e07f6b6ca1_thumb.jpg",
      "name":"中式喜庆新娘（单妆）",
      "price":468,
      "description":"本产品不提供头饰，如需头饰，请跟老师租用 中式新娘妆讲究高贵..."
    },
    {
      "imgUrl":"http://img.daoway.cn/img/price/2017/09/05/9ab52bac-a6aa-447a-82d9-90b15aaf0f86_thumb.jpg",
      "name":"高定Party妆",
      "price":388,
      "description":"Party场合对于女人的精致度要求极高，优点和缺点都会成倍放..."
    },
    {
      "imgUrl":"http://img.daoway.cn/img/price/2017/09/05/01f83849-9f34-42d0-a354-621d14809c7a_thumb.jpg",
      "name":"cosplay妆",
      "price":688,
      "description":"根据个人特色与cos的角色需求，高度还原角色形象及特点，给你..."
    }
  ],
  "serve6": [
    {
      "imgUrl":"http://img.daoway.cn/img/price/2018/03/21/23d2f821-cd7e-4d27-9ecd-fd7c60ac30b7_thumb.jpg",
      "name":"新生儿居家护理及指导宣教",
      "price":398,
      "description":"适用人群：所有新生儿家庭。 服务介绍：脱离了医生护士的照..."
    },
    {
      "imgUrl":"http://img.daoway.cn/img/price/2018/03/22/9130e26e-52a2-4bdf-8ae9-51413d71a866_thumb.jpg",
      "name":"上门打针 肌肉/皮下注射",
      "price":139,
      "description":"执业护士上门打针服务（139元/单次服务），预约时间请选择首..."
    },
    {
      "imgUrl":"http://img.daoway.cn/img/price/2018/03/21/3f265f67-a6ef-4f39-93e1-af03666bd0b3_thumb.jpg",
      "name":"骨科术后居家医学康复",
      "price":268,
      "description":"服务简介：肩周炎、颈椎病、颈肩综合症、腰椎疾病、髋关节功能..."
    },
    {
      "imgUrl":"http://img.daoway.cn/img/price/2018/03/21/b204bec4-a79f-44f4-9360-6af8472878c3_thumb.jpg",
      "name":"关节置换术后居家医学康复",
      "price":268,
      "description":"服务简介：髋关节置换术后、膝关节置换术后 服务介绍：主要..."
    },
    {
      "imgUrl":"http://img.daoway.cn/img/price/2018/03/21/12b49b76-b8bb-46e3-b256-67b87611d472_thumb.jpg",
      "name":"脑卒中术后居家医学康复",
      "price":268,
      "description":"适用人群：脑卒中后遗症患者 服务介绍：脑卒中又称‘中风’..."
    }
  ],
  "serve7": [
    {
      "imgUrl":"http://img.daoway.cn/img/2017/04/20/46953942-9f7b-4718-8ee9-17ddee3efb50_thumb.jpg",
      "name":"水培观音竹(三支) 玻璃花盆",
      "price":29,
      "description":"1.本商品为带盆栽好,透明玻璃花盆，盆高13cm，盆外径13..."
    },
    {
      "imgUrl":"http://img.daoway.cn/img/2017/04/20/b4d28a81-a359-4f95-a2b5-3728236acbaf_thumb.jpg",
      "name":"水培铜钱草 玻璃花盆",
      "price":29,
      "description":"1.本商品为带盆栽好,透明玻璃花盆，盆高13cm，盆外径13..."
    },
    {
      "imgUrl":"http://img.daoway.cn/img/2017/04/20/a86a1f03-954e-41cb-975c-5c475e62f287_thumb.jpg",
      "name":"富贵竹十支(不含瓶)",
      "price":29,
      "description":"1.本商品不含瓶；2.富贵竹高度约70-80cm；3.产..."
    },
    {
      "imgUrl":"http://img.daoway.cn/img/2017/04/20/a68f20e5-c92a-4ab4-9453-0f519c38bfb7_thumb.jpg",
      "name":"美人菊 白色塑料花盆",
      "price":29,
      "description":"1.本商品为带盆栽好,白色自吸水塑料花盆，盆高13cm，盆外..."
    },
    {
      "imgUrl":"http://img.daoway.cn/img/2017/04/20/8fbea92c-6135-421f-a40a-f12bdcd90592_thumb.jpg",
      "name":"小芦荟 白色塑料花盆",
      "price":25,
      "description":"1.本商品为带盆栽好,白色自吸水塑料花盆，盆高11cm，盆外..."
    }
  ],
  "serve8": [
    {
      "imgUrl":"http://img.daoway.cn/img/2017/12/14/129fd515-f2e6-4987-9b12-3f849d518917_thumb.jpg",
      "name":"手机上门回收",
      "price":0,
      "description":"闲置手机，轻松换钱：1.【在线估价】用户对闲置手机在线提..."
    },
    {
      "imgUrl":"http://img.daoway.cn/img/2018/02/26/2004bdad-9c81-484c-b2b0-4eeed348b017_thumb.jpg",
      "name":"星座配对",
      "price":30,
      "description":"只羡鸳鸯不羡仙，想知道你们的缘份配对指数吗？你们的爱情是两情..."
    },
    {
      "imgUrl":"http://img.daoway.cn/img/2018/02/15/d318e33e-8e34-43cb-a77c-ea804046ac59_thumb.jpg",
      "name":"周公解梦",
      "price":20,
      "description":"梦，是窥探内心的一面隐秘之镜，是另一种虚幻却真实的人生体验，..."
    },
    {
      "imgUrl":"http://img.daoway.cn/img/2018/02/15/dacad061-d20a-4d98-b3f3-d3be00dc0751_thumb.jpg",
      "name":"一分钟教会你读心术",
      "price":18,
      "description":"人们都说眼睛是心灵的窗口，眼球的运动和眼神的交流能够表明人的..."
    },
    {
      "imgUrl":"http://img.daoway.cn/img/2018/02/15/755f5bdc-9a88-43f7-8669-ca124a9c55ed_thumb.jpg",
      "name":"卡通头像制作~画画P图",
      "price":15,
      "description":"帮你制作专属于你的卡通图像或者美容P图，总之~你想要的都有~..."
    }
  ],
  "partner": [
    {
      "imgUrl":"http://www.daoway.cn/pcimages/shangjia/lairen.jpg",
      "description":"来人到家"
    },
    {
      "imgUrl":"http://www.daoway.cn/pcimages/shangjia/meidao.jpg",
      "description":"美到家"
    },
    {
      "imgUrl":"http://www.daoway.cn/pcimages/shangjia/qiaomao.png",
      "description":"俏猫"
    },
    {
      "imgUrl":"http://www.daoway.cn/pcimages/shangjia/guanjia.jpg",
      "description":"悦管家"
    },
    {
      "imgUrl":"http://www.daoway.cn/pcimages/shangjia/shanxiu.jpg",
      "description":"闪修侠"
    },
    {
      "imgUrl":"http://www.daoway.cn/pcimages/shangjia/jiazheng.png",
      "description":"家政网"
    },
    {
      "imgUrl":"http://www.daoway.cn/pcimages/shangjia/jiaxiu.jpg",
      "description":"家修网"
    },
    {
      "imgUrl":"http://www.daoway.cn/pcimages/shangjia/lidashi.jpg",
      "description":"理大师"
    },
    {
      "imgUrl":"http://www.daoway.cn/pcimages/shangjia/zuomu.jpg",
      "description":"啄木鸟家电"
    },
    {
      "imgUrl":"http://www.daoway.cn/pcimages/shangjia/kala.jpg",
      "description":"卡拉丁"
    },
    {
      "imgUrl":"http://www.daoway.cn/pcimages/shangjia/jiawu.png",
      "description":"家务室"
    },
    {
      "imgUrl":"http://www.daoway.cn/pcimages/shangjia/hua.jpg",
      "description":"花千束"
    },
    {
      "imgUrl":"http://www.daoway.cn/pcimages/shangjia/meidao.png",
      "description":"美到家"
    },
    {
      "imgUrl":"http://www.daoway.cn/pcimages/shangjia/hushi.png",
      "description":"金牌护士"
    },
    {
      "imgUrl":"http://www.daoway.cn/pcimages/shangjia/mifeng.jpg",
      "description":"小蜜蜂"
    },
    {
      "imgUrl":"http://www.daoway.cn/pcimages/shangjia/weixiu.jpg",
      "description":"维修"
    },
    {
      "imgUrl":"http://www.daoway.cn/pcimages/shangjia/jiaji.jpg",
      "description":"加急哥"
    },
    {
      "imgUrl":"http://www.daoway.cn/pcimages/shangjia/xiaohushi.jpg",
      "description":"小趣好护士"
    }
  ]
}
